lat,lon,radius_km
57.005,9.813,1
59.24,24.511,1
50.734,-108.756,1
45.386,-98.412,1
49.017,-122.27,1
38.714,-4.171,1
42.534,-78.438,1
41.7,-6.352,1
52.789,-4.741,1
-35.993,148.784,1
32.575,-82.538,1
44.514,26.306,1
41.849,-1.931,1
37.303,13.597,1
40.576,-8.447,1
42.057,13.587,1
41.216,-2.274,1
46.727,19.18,1
39.669,140.156,1
39.032,-1.888,1
43.928,2.201,1
38.41,-88.058,1
-34.95,117.81,1
38.38,-4.977,1
52.153,1.603,1
43.665,-93.581,1
44.107,4.091,1
43.994,25.378,1
38.899,-0.497,1
44.985,-64.988,1
61.345,16.065,1
49.388,-101.869,1
44.125,-79.908,1
37.723,-1.112,1
46.908,4.98,1
40.132,-99.37,1
37.416,-1.889,1
43.438,-84.686,1
48.522,-71.653,1
48.251,9.756,1
43.533,23.797,1
44.069,-91.94,1
42.819,-81.869,1
54.426,24.022,1
38.209,-7.228,1
44.038,-81.719,1
51.677,-0.559,1
65.958,16.206,1
48.256,12.41,1
48.467,-67.437,1
48.894,10.695,1
41.246,16.31,1
51.689,-5.079,1
-32.785,152.086,1
51.573,8.312,1
49.29,10.564,1
37.028,-4.537,1
45.198,-89.146,1
-36.295,142.027,1
51.057,-4.2,1
42.368,13.35,1
-21.787,-48.206,1
50.998,-97.251,1
-34.351,146.903,1
-30.521,151.675,1
53.856,-6.537,1
51.916,0.962,1
59.861,19.125,1
56.91,-5.849,1
66.318,18.125,1
58.483,16.963,1
50.287,2.808,1
55.548,8.655,1
-37.283,142.931,1
40.207,-5.083,1
42.388,-114.04,1
53.127,5.485,1
47.537,-2.403,1
43.776,142.459,1
43.778,142.46,1
53.251,-3.48,1
49.641,-106.008,1
42.846,13.621,1
41.213,15.641,1
-29.324,151.093,1
39.334,-90.211,1
43.243,143.55,1
44.027,-111.242,1
42.457,-6.055,1
42.071,14.462,1
38.378,23.417,1
40.253,-89.233,1
31.055,-87.494,1
39.588,-89.758,1
56.257,8.79,1
40.873,-98.024,1
46.975,4.306,1
47.499,3.926,1
41.477,-95.343,1
47.68,1.329,1
40.664,-4.678,1
50.759,3.445,1
52.79,14.043,1
43.192,24.686,1
35.433,-119.064,1
47.476,17.956,1
-37.249,141.842,1
-37.559,143.855,1
54.404,-5.901,1
-28.873,153.564,1
54.856,-6.259,1
43.293,-94.222,1
51.75,-8.718,1
50.065,3.197,1
47.997,3.616,1
56.954,-7.501,1
52.338,9.545,1
52.048,13.491,1
56.428,12.848,1
-33.43,149.567,1
47.88,9.794,1
49.266,-0.685,1
-32.81,136.059,1
-35.986,142.913,1
33.455,-112.479,1
41.405,2.004,1
40.719,-82.903,1
43.207,0.121,1
-37.759,147.656,1
-27.987,152.995,1
47.57,0.666,1
-24.886,28.304,1
46.92,-104.001,1
-36.346,146.658,1
29.834,-82.857,1
-36.676,149.842,1
39.483,-98.111,1
36.35,-5.819,1
57.473,-7.364,1
52.006,5.637,1
44.835,0.493,1
51.318,5.339,1
-36.431,150.076,1
-28.227,28.311,1
-35.94,142.415,1
-28.724,29.348,1
45.154,-93.846,1
51.809,22.657,1
52.448,-1.75,1
59.088,16.212,1
51.939,-108.018,1
-26.739,31.876,1
43.815,144.129,1
44.077,16.837,1
41.83,0.313,1
-32.412,151.652,1
43.907,-95.054,1
53.081,-7.873,1
45.102,23.596,1
47.433,8.244,1
34.175,-80.208,1
48.275,8.656,1
52.661,11.559,1
-30.102,148.964,1
43.377,145.136,1
32.292,-81.727,1
47.483,-1.749,1
53.777,-3.035,1
-31.654,150.245,1
52.042,4.546,1
-33.867,144.886,1
44.173,-77.445,1
-27.709,25.563,1
-29.063,26.133,1
45.297,14.138,1
41.92,-92.082,1
43.122,27.32,1
-31.106,138.707,1
-37.677,144.442,1
37.232,-8.127,1
-37.681,145.064,1
-36.544,146.006,1
44.985,20.777,1
57.247,17.059,1
48.509,-4.106,1
51.609,5.667,1
49.407,5.745,1
-37.712,142.841,1
-36.912,149.237,1
-36.34,142.668,1
-34.438,148.702,1
41.479,12.865,1
-31.512,150.641,1
57.715,12.891,1
51.609,9.262,1
53.579,6.666,1
46.114,16.891,1
-36.136,143.723,1
41.693,-7.658,1
-27.379,26.624,1
49.179,6.473,1
49.453,9.655,1
57.007,-3.396,1
43.679,27.093,1
45.614,25.677,1
-30.38,150.607,1
51.304,4.629,1
44.629,-75.807,1
-34.529,20.046,1
-35.446,149.785,1
51.953,-3.382,1
55.06,8.822,1
41.535,-112.062,1
41.807,-6.764,1
43.409,6.033,1
50.308,-96.513,1
45.267,27.92,1
42.484,-113.912,1
45.726,4.938,1
49.818,-99.963,1
34.918,-91.194,1
-36.031,144.204,1
53.271,19.419,1
44.327,-96.753,1
48.38,-4.497,1
48.465,-122.36,1
33.989,-89.348,1
53.23,8.665,1
50.798,4.359,1
32.978,-115.521,1
50.454,27.126,1
47.247,5.989,1
34.295,-90.018,1
-37.498,148.168,1
51.995,-1.017,1
57.676,-2.961,1
44.464,26.126,1
47.229,19.144,1
42.953,-114.712,1
-28.288,26.152,1
-30.185,151.09,1
54.05,-8.604,1
41.588,-3.068,1
-30.526,117.175,1
42.347,-3.687,1
51.181,14.167,1
39.302,-102.299,1
46.457,6.273,1
47.481,19.057,1
53.229,-1.92,1
45.404,27.253,1
46.178,-103.38,1
35.549,-89.244,1
49.724,14.648,1
46.193,27.444,1
39.451,-6.489,1
39.479,-6.342,1
41.36,-1.21,1
46.389,16.416,1
44.197,27.348,1
-34.239,19.433,1
43.792,-79.806,1
44.579,11.385,1
50.218,-5.327,1
-29.736,30.516,1
55.425,-5.602,1
43.075,10.683,1
45.428,9.644,1
-33.288,146.366,1
43.068,-8.412,1
43.211,2.327,1
37.597,-0.974,1
51.531,-3.107,1
54.895,-2.938,1
41.198,14.023,1
52.508,-7.893,1
53.866,-9.291,1
44.919,8.688,1
-21.148,-49.001,1
54.372,-1.725,1
-30.954,148.378,1
-27.084,152.952,1
39.819,-7.512,1
36.532,-87.027,1
40.59,-6.538,1
43.668,-116.712,1
40.637,17.554,1
46.224,15.298,1
46.269,-0.226,1
45.453,8.925,1
-33.363,19.31,1
46.253,24.181,1
49.685,18.353,1
-30.304,153.137,1
44.901,5.004,1
46.835,-1.838,1
49.224,12.676,1
50.323,17.427,1
48.103,-1.4,1
48.9,5.525,1
50.067,12.391,1
51.07,19.75,1
51.345,-2.623,1
44.019,-88.181,1
51.149,-1.438,1
47.101,28.863,1
42.45,-82.139,1
36.834,-89.357,1
35.294,136.647,1
49.065,-0.291,1
-34.456,149.473,1
-38.342,143.585,1
-31.83,149.715,1
52.359,-1.331,1
39.38,-97.055,1
-29.543,148.586,1
-36.592,144.798,1
37.171,-94.839,1
39.577,-84.83,1
-27.526,153.267,1
50.772,15.06,1
35.006,-78.314,1
52.847,8.088,1
-37.914,145.129,1
48.738,-0.551,1
-31.333,149.27,1
48.538,-121.757,1
-30.465,147.688,1
-33.085,147.151,1
51.535,-102.528,1
52.011,-110.764,1
37.916,-4.721,1
43.946,0.361,1
39.363,-101.043,1
-34.807,145.88,1
35.762,-76.183,1
33.929,-81.01,1
-36.235,149.127,1
45.115,1.222,1
44.206,28.616,1
45.363,-71.79,1
32.953,-111.523,1
43.065,-85.97,1
-29.581,152.774,1
47.977,0.893,1
37.857,-4.793,1
-36.194,147.903,1
44.549,27.431,1
44.541,15.388,1
40.181,-84.396,1
40.768,-100.034,1
50.04,15.783,1
47.667,-3.029,1
-32.17,25.604,1
50.102,13.729,1
43.37,-92.129,1
41.098,-98.03,1
50.504,2.037,1
53.096,-2.394,1
42.517,-2.929,1
34.78,-91.762,1
43.634,-92.143,1
39.407,-9.135,1
47.454,-99.137,1
44.428,-123.277,1
45.258,-88.167,1
42.994,-93.956,1
-28.866,153.048,1
46.706,20.148,1
47.871,4.579,1
-37.599,141.395,1
49.41,14.68,1
41.887,12.19,1
-34.639,148.026,1
39.803,-97.456,1
40.922,-85.514,1
47.128,24.708,1
53.813,8.711,1
47.868,5.641,1
49.046,-1.002,1
-33.831,148.702,1
51.904,14.759,1
52.803,22.31,1
45.803,24.274,1
44.125,24.597,1
56.514,15.153,1
53.345,-2.64,1
50.017,15.899,1
46.889,2.59,1
33.575,-80.261,1
-32.249,148.602,1
48.553,-1.725,1
51.986,4.388,1
49.134,-123.026,1
48.144,21.892,1
42.005,-95.365,1
50.934,3.4,1
47.35,21.553,1
34.293,-91.386,1
-37.341,144.132,1
47.548,-68.646,1
46.888,-102.728,1
34.403,-79.379,1
45.911,-71.364,1
49.001,6.839,1
-35.532,144.965,1
47.914,8.568,1
49.885,13.263,1
46.825,12.819,1
53.663,17.037,1
51.099,6.719,1
-30.35,152.713,1
55.376,23.88,1
-29.053,23.77,1
50.095,4.595,1
44.445,25.941,1
43.223,25.763,1
-37.459,147.251,1
44.627,22.647,1
52.252,-2.198,1
55.627,-3.736,1
44.203,-112.372,1
42.457,-90.677,1
56.464,-2.877,1
-32.012,149.388,1
50.927,0.976,1
48.948,16.159,1
51.251,-105.975,1
48.084,-98.815,1
41.998,-86.151,1
44.776,-91.958,1
49.149,14.63,1
53.649,0.116,1
40.524,-104.556,1
40.532,15.015,1
40.821,0.492,1
42.107,-1.152,1
-36.14,144.754,1
49.648,2.922,1
55.928,-3.344,1
48.169,2.893,1
51.785,9.799,1
56.266,16.479,1
52.304,-114.401,1
42.753,10.211,1
32.784,-115.536,1
46.403,-101.849,1
42.864,-91.4,1
33.824,-81.698,1
49.784,-95.878,1
46.942,-120.444,1
51.613,12.916,1
36.258,-76.303,1
34.588,-78.624,1
36.18,-77.665,1
44.093,143.532,1
56.169,9.335,1
52.519,-6.559,1
39.471,-8.474,1
49.899,1.256,1
46.912,18.264,1
-36.718,144.315,1
52.709,6.943,1
-26.525,29.995,1
39.221,-4.276,1
-36.462,147.24,1
53.632,7.618,1
55.312,-3.207,1
54.864,11.894,1
-33.874,121.894,1
42.187,-82.84,1
43.4,-94.808,1
50.409,4.107,1
49.157,-103.029,1
48.454,2.16,1
49.301,1.625,1
-36.753,145.573,1
31.427,-86.963,1
50.613,-3.41,1
43.366,-81.485,1
53.94,10.27,1
57.919,19.139,1
57.136,-4.688,1
49.757,33.915,1
50.387,11.931,1
49.053,2.452,1
44.815,11.627,1
50.535,4.978,1
44.77,12.159,1
50.122,2.232,1
41.518,9.095,1
43.943,-82.876,1
57.119,9.363,1
48.861,1.743,1
34.154,-79.741,1
40.255,-103.859,1
42.707,-81.305,1
43.036,-79.352,1
45.443,8.232,1
41.479,15.556,1
45.893,0.196,1
40.296,-90.041,1
44.214,12.079,1
-32.201,152.522,1
41.519,0.326,1
50.541,4.462,1
57.694,-2.003,1
47.526,8.812,1
-33.326,148.085,1
41.157,-87.216,1
40.234,-88.595,1
47.994,7.788,1
57.421,10.466,1
50.893,13.344,1
43.339,-97.422,1
52.493,6.88,1
43.34,-83.739,1
41.451,-96.543,1
49.564,2.233,1
45.828,4.667,1
35.035,-78.884,1
38.252,-6.306,1
37.459,140.378,1
33.413,130.614,1
43.319,142.402,1
47.737,20.411,1
38.721,-8.321,1
41.106,-8.589,1
45.478,17.024,1
40.196,18.164,1
54.937,-7.572,1
37.795,14.215,1
37.982,-100.905,1
36.527,-76.781,1
-27.544,152.331,1
50.595,3.512,1
52.196,-1.481,1
40.478,-88.382,1
48.509,5.508,1
-31.065,135.774,1
46.979,-67.738,1
55.925,9.83,1
-37.219,148.265,1
55.4,9.994,1
44.419,8.921,1
49.356,7.521,1
47.922,10.657,1
48.629,10.004,1
41.237,22.697,1
-33.893,148.161,1
41.303,-94.486,1
-34.286,146.037,1
-29.693,152.933,1
46.713,25.572,1
42.023,9.41,1
45.777,21.311,1
40.768,22.406,1
37.437,-6.894,1
40.82,16.929,1
54.686,23.01,1
54.076,-2.309,1
-31.711,148.662,1
40.455,16.834,1
43.623,0.905,1
55.243,-4.858,1
55.854,-4.296,1
-34.756,149.718,1
-38.209,147.403,1
52.344,-7.049,1
-29.744,151.752,1
51.648,16.131,1
44.696,19.222,1
46.704,-101.71,1
41.29,-4.324,1
48.761,14.988,1
-35.185,149.131,1
43.178,-85.301,1
51.507,3.872,1
39.336,-101.721,1
-33.984,145.707,1
49.914,14.786,1
50.853,20.823,1
-36.718,141.473,1
53.006,6.051,1
52.576,1.732,1
46.963,16.866,1
31.57,-87.564,1
42.277,24.733,1
43.826,22.666,1
43.755,6.921,1
47.067,15.493,1
38.331,-98.847,1
37.711,-99.324,1
42.578,-111.731,1
41.201,-80.076,1
42.034,-94.247,1
39.858,-90.042,1
40.825,16.446,1
44.763,1.76,1
37.192,-3.778,1
40.891,-98.38,1
42.91,-92.809,1
53.485,11.972,1
52.023,6.659,1
51.493,10.738,1
51.155,13.06,1
43.051,-116.206,1
33.018,-80.088,1
51.181,9.372,1
40.547,-5.678,1
49.906,3.648,1
57.175,26.743,1
-30.978,150.256,1
-29.735,149.796,1
53.943,13.401,1
-30.606,148.971,1
46.691,21.043,1
49.867,1.712,1
41.516,23.873,1
47.854,21.423,1
51.864,10.978,1
40.464,23.286,1
56.014,14.691,1
38.896,-89.836,1
61.015,24.399,1
-37.821,142.066,1
50.95,-0.529,1
-28.275,29.124,1
48.405,13.384,1
48.39,16.379,1
39.846,-89.102,1
51.301,-0.905,1
47.75,-99.921,1
41.925,25.499,1
56.092,13.718,1
44.687,-92.812,1
45.571,22.901,1
-34.756,142.34,1
-34.506,144.852,1
50.057,-111.678,1
40.174,-95.933,1
52.842,-102.378,1
32.297,-81.076,1
-25.443,31.681,1
55.308,12.324,1
-34.095,20.961,1
53.544,9.317,1
54.174,7.893,1
60.29,24.996,1
38.547,-1.702,1
58.115,-3.649,1
33.725,-79.448,1
-30.327,152.487,1
-34.016,21.761,1
51.16,4.793,1
52.824,10.082,1
50.867,0.336,1
41.058,-88.099,1
-36.924,144.703,1
51.861,5.076,1
50.591,-113.826,1
39.855,-95.525,1
-33.485,145.531,1
39.173,-89.544,1
52.211,5.195,1
51.742,6.592,1
40.7,140.438,1
41.861,140.664,1
36.851,-87.551,1
-35.711,147.317,1
42.745,-94.228,1
48.573,-98.677,1
43.055,-77.647,1
36.187,-88.435,1
56.922,18.151,1
50.118,-106.96,1
48.933,7.944,1
57.968,12.693,1
40.588,-102.286,1
55.279,11.806,1
36.864,-121.411,1
53.318,-4.642,1
50.117,10.19,1
43.145,143.609,1
62.028,22.247,1
53.483,-1.38,1
52.303,4.727,1
38.443,-89.267,1
-27.836,25.906,1
-29.626,24.082,1
49.367,13.7,1
-36.982,147.142,1
39.358,-100.443,1
42.443,25.728,1
-36.723,142.175,1
38.681,-96.932,1
49.485,-100.536,1
38.568,-94.348,1
40.563,-98.403,1
46.001,-102.639,1
61.725,17.14,1
37.306,-6.872,1
42.124,-0.397,1
52.203,-105.089,1
51.404,-1.514,1
56.733,8.403,1
42.557,-0.712,1
48.946,16.728,1
54.492,9.062,1
45.052,-63.476,1
-32.449,118.892,1
36.227,140.322,1
45.314,-73.207,1
43.547,-111.963,1
42.333,-95.439,1
47.03,28.844,1
38.726,-9.159,1
40.515,-101.63,1
41.357,-93.616,1
40.739,-79.112,1
39.442,-1.739,1
46.661,8.053,1
-29.776,151.114,1
57.486,-4.219,1
37.948,-95.408,1
-8.139,35.41,1
48.596,-1.179,1
45.305,10.322,1
36.764,14.914,1
45.557,3.25,1
46.956,2.013,1
46.987,30.458,1
43.233,141.797,1
39.81,141.118,1
39.193,141.115,1
50.964,18.389,1
42.697,-88.951,1
47.776,17.135,1
38.388,-86.943,1
47.635,19.915,1
41.578,-80.76,1
56.521,25.847,1
36.71,-6.118,1
-35.355,145.725,1
45.188,21.049,1
66.605,19.832,1
57.745,14.06,1
48.51,-71.275,1
31.602,-91.692,1
45.158,18.384,1
50.955,6.436,1
-30.784,121.459,1
58.664,13.192,1
45.59,15.598,1
48.927,28.105,1
46.361,17.825,1
47.353,20.931,1
49.011,8.411,1
40.253,22.513,1
46.881,19.699,1
44.211,-78.328,1
-31.622,117.703,1
55.596,-2.44,1
64.936,25.513,1
36.247,-90.066,1
46.968,7.189,1
51.286,6.012,1
54.065,21.36,1
52.879,-1.078,1
36.221,-121.127,1
49.483,-111.464,1
31.501,130.524,1
49.955,36.127,1
36.321,139.233,1
-37.292,144.951,1
52.844,-111.874,1
56.455,-4.321,1
-7.663,36.992,1
49.185,-99.654,1
-28.703,24.779,1
51.474,-109.123,1
58.459,-5.052,1
52.95,-105.034,1
57.245,-2.329,1
54.84,-4.047,1
58.953,-2.902,1
-36.83,139.864,1
46.274,19.496,1
35.195,-77.527,1
43.004,141.562,1
43.802,143.801,1
53.928,13.642,1
-33.481,151.392,1
50.17,13.638,1
42.588,-95.958,1
53.624,13.063,1
45.137,-64.436,1
31.426,130.883,1
51.193,14.849,1
63.827,23.157,1
-30.557,29.426,1
50.036,15.22,1
58.369,22.684,1
51.717,14.29,1
47.744,18.079,1
46.947,21.08,1
52.173,5.818,1
54.102,18.133,1
-25.872,26.901,1
54.177,16.138,1
50.799,25.675,1
51.295,33.511,1
50.066,19.92,1
-35.735,143.922,1
49.286,17.406,1
48.143,14.466,1
53.388,7.048,1
53.09,20.514,1
44.022,-92.742,1
45.655,18.143,1
51.812,17.979,1
32.894,130.862,1
58.256,22.51,1
53.608,18.655,1
42.871,140.885,1
52.236,19.312,1
55.204,10.561,1
66.942,17.739,1
49.959,30.977,1
44.756,2.507,1
-6.856,39.223,1
37.099,-8.668,1
37.707,-1.613,1
60.942,25.61,1
-37.884,147.972,1
53.892,20.67,1
38.882,22.451,1
50.779,5.075,1
47.201,7.761,1
47.751,6.494,1
30.706,-83.11,1
47.351,-70.078,1
42.769,-2.831,1
39.655,22.438,1
46.238,1.534,1
48.061,-0.734,1
43.71,1.816,1
46.627,1.051,1
57.42,-5.464,1
42.053,-84.769,1
45.389,5.271,1
47.985,-68.676,1
53.277,-109.96,1
-26.288,29.027,1
46.845,15.538,1
53.442,15.12,1
53.8,-1.664,1
53.128,-1.981,1
45.286,11.143,1
60.722,14.877,1
59.451,26.693,1
56.545,8.284,1
59.32,11.916,1
42.588,-5.651,1
60.138,-1.184,1
42.027,-3.757,1
46.435,16.749,1
-37.911,144.093,1
43.31,25.042,1
30.937,-91.712,1
57.906,16.699,1
-33.481,150.16,1
-38.477,145.943,1
49.232,0.835,1
46.862,-1.033,1
49.969,-5.188,1
44.9,-0.212,1
-26.154,26.161,1
52.71,-1.814,1
48.72,7.995,1
51.988,14.302,1
56.53,21.043,1
49.478,-1.475,1
40.876,-96.643,1
51.591,-113.496,1
53.25,-0.52,1
52.834,19.166,1
-29.43,147.983,1
53.033,8.162,1
49.029,3.026,1
-35.227,146.706,1
53.753,-112.776,1
43.009,-81.177,1
55.483,9.352,1
52.12,12.074,1
56.014,-5.446,1
47.14,0.989,1
54.563,-0.863,1
52.64,8.244,1
50.406,-112.479,1
-28.878,121.319,1
53.725,-7.874,1
47.221,5.248,1
37.643,-1.682,1
45.107,3.748,1
47.681,-1.453,1
40.977,-96.179,1
59.338,17.829,1
45.976,20.767,1
52.122,19.994,1
41.681,-79.892,1
37.682,-0.948,1
50.217,-113.371,1
41.742,14.686,1
-9.396,34.437,1
46.469,28.193,1
53.55,-6.207,1
43.642,-96.216,1
46.376,-71.587,1
41.893,12.493,1
43.32,13.405,1
50.369,23.645,1
-30.71,152.918,1
40.459,-90.629,1
52.589,-3.852,1
44.006,-97.147,1
42.132,26.095,1
-37.972,146.985,1
51.304,0.483,1
45.119,-75.704,1
-33.472,18.715,1
54.157,12.567,1
46.823,-100.851,1
43.824,5.798,1
53.512,-2.235,1
39.003,-3.37,1
54.506,-7.689,1
43.279,5.354,1
-37.005,143.76,1
47.362,16.24,1
47.39,9.58,1
46.591,17.422,1
44.657,7.724,1
48.613,7.497,1
30.779,-85.192,1
48.722,4.618,1
37.164,-88.1,1
48.208,0.132,1
51.392,1.383,1
54.158,19.087,1
46.316,6.33,1
46.753,-119.933,1
46.766,6.563,1
47.734,16.412,1
55.028,-7.245,1
40.216,-100.649,1
33.605,-91.384,1
38.09,-88.552,1
45.834,-100.644,1
40.773,-1.344,1
44.065,-81.138,1
42.941,-3.484,1
40.048,-83.514,1
50.94,10.532,1
54.126,-108.452,1
50.836,12.468,1
43.362,-116.635,1
44.537,3.507,1
50.948,4.245,1
47.796,22.371,1
37.647,-7.66,1
37.835,-8.245,1
45.816,15.183,1
-19.921,-48.377,1
-20.014,-48.935,1
-33.627,150.831,1
37.287,-86.774,1
42.68,-2.938,1
52.842,5.015,1
-25.773,29.476,1
44.025,-73.171,1
53.192,6.994,1
38.712,-98.912,1
-34.34,142.062,1
52.061,-9.056,1
47.362,23.109,1
38.554,140.952,1
31.774,131.145,1
-38.082,142.808,1
44.53,-98.988,1
2.62,102.512,1
-38.78,143.652,1
44.183,-94.035,1
40.912,-89.05,1
48.212,-101.24,1
47.831,-121.987,1
-37.065,146.086,1
53.138,-7.053,1
39.878,-2.672,1
44.954,18.327,1
41.343,-6.713,1
44.931,10.894,1
-35.747,150.192,1
46.001,18.618,1
50.423,-105.624,1
41.636,0.886,1
44.06,1.407,1
38.376,-0.726,1
43.725,13.093,1
46.277,6.959,1
49.194,-98.023,1
59.931,16.954,1
55.213,-1.686,1
49.66,8.253,1
65.875,19.458,1
47.891,17.271,1
-35.091,144.036,1
31.204,-83.791,1
47.126,-1.28,1
-24.983,29.288,1
43.521,23.352,1
33.074,-111.974,1
-29.458,149.826,1
36.557,-88.324,1
47.314,18.759,1
60.595,17.258,1
39.843,-96.61,1
-32.14,150.355,1
38.482,-89.754,1
50.157,-101.673,1
43.147,-93.299,1
42.52,-94.539,1
42.008,-92.918,1
-34.549,150.374,1
40.71,-94.259,1
-37.145,146.449,1
43.703,-98.067,1
-37.588,143.449,1
43.744,-80.644,1
43.13,-115.718,1
-6.17,37.638,1
-28.115,117.843,1
42.749,-77.808,1
40.982,-91.542,1
37.095,-93.814,1
-32.59,149.585,1
42.601,141.949,1
38.038,-1.504,1
-28.554,153.503,1
-35.263,141.181,1
46.671,16.133,1
40.181,-8.679,1
-37.51,145.741,1
-35.993,145.988,1
36.746,-88.624,1
42.168,-5.264,1
-36.558,146.722,1
43.543,144.981,1
45.888,19.943,1
46.472,-1.045,1
46.749,0.479,1
43.536,144.958,1
50.981,-113.224,1
54.833,11.127,1
51.085,17.698,1
36.945,140.043,1
57.879,26.948,1
52.749,-108.255,1
45.582,20.155,1
52.724,-107.345,1
-30.33,149.786,1
54.979,-1.617,1
-16.256,34.893,1
-34.708,116.123,1
47.31,-0.446,1
-34.752,146.538,1
53.266,10.627,1
43.822,28.218,1
50.227,-99.497,1
-27.749,29.936,1
-38.514,145.352,1
52.267,0.415,1
38.99,-88.199,1
49.63,13.551,1
-31.564,147.195,1
-36.308,141.646,1
50.427,8.946,1
54.799,8.834,1
37.605,138.924,1
43.852,4.402,1
42.928,143.129,1
44.881,16.717,1
46.246,-72.58,1
-38.048,141.006,1
-28.598,153.232,1
50.036,5.884,1
43.75,-0.092,1
48.85,-72.484,1
-32.26,121.787,1
45.309,19.826,1
45.052,17.305,1
-31.514,151.716,1
47.283,1.383,1
41.151,-100.799,1
-32.234,148.239,1
-29.046,150.444,1
46.714,-71.637,1
37.868,-94.346,1
40.969,-4.758,1
34.532,-89.035,1
44.535,-87.883,1
43.009,-92.317,1
-34.874,150.605,1
58.903,17.944,1
50.987,3.58,1
39.12,-100.856,1
56.451,-5.441,1
48.085,11.278,1
46.963,8.386,1
52.689,13.12,1
42.923,143.086,1
-33.704,149.858,1
37.675,-87.131,1
31.621,-83.249,1
43.803,-99.494,1
46.516,22.825,1
49.013,4.036,1
41.846,-87.938,1
44.469,143.138,1
35.055,133.929,1
51.798,-114.103,1
49.468,26.926,1
55.808,8.617,1
41.286,-4.684,1
46.702,-64.23,1
-37.102,147.601,1
42.028,-96.119,1
51.341,3.485,1
31.276,-86.222,1
47.11,21.896,1
44.161,4.793,1
33.459,-80.755,1
-37.704,148.455,1
41.127,20.794,1
-33.285,149.098,1
42.999,-96.072,1
46.573,20.691,1
48.758,26.403,1
52.612,18.721,1
45.532,18.623,1
57.066,15.997,1
55.162,15,1
53.601,20.051,1
46.731,-119.248,1
42.725,-85.652,1
41.397,-88.834,1
-26.811,25.999,1
51.489,-107.046,1
-32.754,148.646,1
51.578,5.929,1
51.824,-1.289,1
-34.193,144.102,1
53.058,9.034,1
48.536,27.775,1
45.826,-0.88,1
-35.383,142.191,1
50.541,-4.937,1
59.261,27.382,1
42.008,-4.558,1
38.092,13.325,1
37.289,-5.504,1
36.071,-90.651,1
44.815,10.303,1
43.322,-1.932,1
53.14,14.104,1
56.024,24.366,1
-33.76,24.816,1
43.331,-0.362,1
45.212,-0.751,1
50.522,-2.457,1
-33.974,151.212,1
43.72,27.921,1
41.912,-8.56,1
52.593,-103.253,1
40.902,-5.202,1
37.952,-2.435,1
51.451,13.983,1
52.316,10.269,1
44.414,-81.328,1
49.408,15.226,1
-31.802,115.885,1
-36.411,148.41,1
43.077,12.364,1
52.584,-0.263,1
49.483,12.19,1
-35.054,143.328,1
40.404,-96.645,1
44.315,23.92,1
45.971,-94.116,1
-27.006,30.801,1
51.137,15.27,1
44.798,24.907,1
39.604,-90.863,1
45.885,5.088,1
-38.111,145.494,1
48.399,-97.754,1
49.976,-98.345,1
43.383,-98.854,1
47.208,6.528,1
48.593,-2.354,1
48.221,-3.996,1
-23.871,29.449,1
52.63,20.38,1
54.273,19.931,1
55.915,21.819,1
44.159,-92.179,1
50.416,-4.126,1
40.17,-7.176,1
40.893,-88.632,1
54.044,15.753,1
-38.617,142.997,1
36.218,-90.96,1
48.545,3.288,1
46.85,5.689,1
42.551,-6.582,1
48.035,-2.964,1
50.776,-1.911,1
50.863,2.741,1
36.766,-90.349,1
54.367,-6.475,1
52.379,13.066,1
45.342,17.71,1
48.331,0.7,1
53.13,-105.807,1
45.205,9.216,1
50.203,-3.72,1
37.665,-98.716,1
53.544,-109.462,1
44.816,5.682,1
-29.665,22.746,1
45.826,16.316,1
51.719,-0.829,1
44.717,4.594,1
-33.135,148.176,1
42.053,-90.399,1
-38.385,142.238,1
44.087,-78.985,1
50.054,22.512,1
51.452,20.916,1
42.051,-6.637,1
46.255,-118.931,1
44.253,0.378,1
35.644,-120.657,1
50.906,3.014,1
41.04,14.899,1
-34.476,150.914,1
-38.344,141.613,1
-35.095,138.486,1
38.891,-6.61,1
-32.953,150.66,1
43.585,5.373,1
52.41,-110.316,1
-38.27,144.638,1
39.585,-3.033,1
41.985,-3.034,1
47.16,-119.852,1
-30.933,147.87,1
-31.908,26.881,1
39.957,-91.378,1
36.933,14.68,1
43.27,24.275,1
43.105,-78.675,1
-35.594,146.579,1
56.522,9.921,1
-33.842,146.262,1
56.588,10.192,1
54.811,8.291,1
48.918,17.156,1
-33.597,120.071,1
-37.954,146.389,1
32.495,-91.758,1
41.041,-86.222,1
48.747,-3.253,1
47.271,5.822,1
55.285,-2.28,1
-27.798,28.43,1
48.952,8.58,1
49.502,4.355,1
45.471,-76.665,1
50.449,-104.525,1
49.868,7.334,1
41.279,-3.48,1
42.976,-5.006,1
55.333,8.867,1
45.264,0.337,1
-21.196,-47.759,1
50.878,11.121,1
52.486,8.026,1
52.227,14.175,1
56.655,23.808,1
43.348,0.916,1
43.199,-96.316,1
42.399,-94.616,1
52.644,-114.223,1
48.514,-68.461,1
-35.91,141.993,1
-28.077,153.381,1
51.229,-101.377,1
41.899,-89.061,1
44.367,2.572,1
48.767,11.97,1
55.937,25.582,1
53.47,13.977,1
51.563,10.194,1
57.777,11.616,1
56.708,8.981,1
40.418,-86.57,1
47.391,11.802,1
45.394,4.809,1
46.012,11.127,1
45.063,12.052,1
52.892,21.395,1
46.846,26.574,1
32.929,-80.859,1
45.595,-70.912,1
45.01,19.797,1
56.698,16.693,1
-34.042,141.269,1
36.534,-120.024,1
47.816,-69.495,1
56.563,13.932,1
-32.792,149.977,1
51.407,-104.539,1
-32.47,137.934,1
55.899,-2.129,1
51.384,11.789,1
43.959,2.872,1
40.945,-5.496,1
42.52,-4.743,1
55.834,10.562,1
41.872,1.305,1
47.848,2.045,1
44.947,9.738,1
49.612,21.793,1
50.65,-1.213,1
61.266,17.154,1
43.411,12.232,1
42.906,141.558,1
46.033,29.692,1
47.258,16.919,1
54.511,13.643,1
52.204,-106.711,1
40.406,17.605,1
53.979,11.875,1
47.759,23.039,1
44.402,-0.818,1
45.653,-122.828,1
48.034,26.824,1
47.005,3.402,1
44.52,0.114,1
43.298,144.61,1
47.803,13.11,1
47.82,2.83,1
54.253,-0.38,1
41.867,-103.693,1
49.972,11.028,1
50.646,9.514,1
49.11,9.786,1
49.915,-6.296,1
43.395,-1.682,1
-32.051,150.87,1
-27.193,25.321,1
38.489,-100.898,1
39.975,-3.187,1
42.436,-2.945,1
47.72,-104.19,1
32.982,-82.809,1
-35.505,142.849,1
49.264,4.74,1
49.656,18.088,1
62.805,22.865,1
42.203,24.139,1
39.006,-5.801,1
48.289,2.213,1
43.387,3.312,1
47.975,-4,1
51.417,6.063,1
50.286,-107.865,1
45.04,3.072,1
48.158,-1.819,1
40.949,-4.12,1
43.861,144.469,1
54.502,-2.685,1
40.771,-95.383,1
52.877,8.865,1
45.386,-72.665,1
44.168,142.386,1
39.406,-88.822,1
50.445,-100.599,1
52.243,-2.886,1
51.555,0.827,1
52.718,-2.716,1
38.884,-101.752,1
41.295,-84.549,1
37.997,-97.939,1
43.235,26.933,1
49.644,-108.409,1
55.952,23.26,1
45.35,-74.889,1
52.423,22.905,1
52.822,12.399,1
48.323,11.413,1
41.336,-92.19,1
51.365,24.637,1
43.543,-96.803,1
45.701,19.4,1
45.963,-0.542,1
43.091,1.628,1
55.919,12.13,1
53.142,0.347,1
59.829,15.69,1
55.959,8.49,1
55.414,12.858,1
45.58,-94.102,1
55.411,11.379,1
43.994,-95.772,1
36.642,-121.614,1
47.594,-0.339,1
44.283,-94.725,1
44.985,-122.82,1
38.459,-7.752,1
48.376,13.476,1
46.209,3.794,1
54.114,-112.552,1
33.967,-90.375,1
58.353,11.218,1
30.508,-87.709,1
47.477,15.379,1
48.069,6.599,1
47.28,0.125,1
43.422,-82.86,1
52.185,-0.112,1
-32.558,151.176,1
45.232,-73.813,1
46.329,-120.027,1
48.629,29.482,1
60.437,18.416,1
42.556,23.395,1
42.684,23.469,1
49.391,3.343,1
49.998,29.305,1
53.41,23.531,1
60.644,23.513,1
46.467,21.638,1
54.969,9.668,1
50.22,11.132,1
43.661,141.993,1
41.762,-2.471,1
50.938,-1.47,1
45.999,26.668,1
43.316,-1.014,1
-20.936,-48.481,1
-21.367,-48.242,1
-20.339,-49.195,1
-20.333,-47.778,1
43.114,-95.162,1
48.22,15.643,1
-32.96,151.624,1
49.497,-113.867,1
40.02,-98.052,1
51.54,4.61,1
-20.824,-49.368,1
45.863,2.154,1
50.844,31.035,1
48.883,12.616,1
43.868,18.414,1
46.222,0.37,1
-36.378,140.989,1
47.339,2.86,1
-36.615,143.257,1
44.836,-73.073,1
-26.949,29.239,1
59.309,18.693,1
-37.057,142.763,1
53.95,19.105,1
49.556,-96.69,1
54.491,-3.607,1
46.465,5.077,1
49.024,30.99,1
51.902,-0.178,1
48.601,10.543,1
-26.549,24.863,1
49.482,5.206,1
47.855,12.18,1
41.814,-89.647,1
55.104,10.517,1
52.319,-112.687,1
43.388,-81.02,1
54.589,9.748,1
39.759,-101.779,1
50.189,6.914,1
50.345,4.697,1
45.644,-72.969,1
-34.365,21.417,1
40.596,-103.224,1
42.663,-95.205,1
52.88,-2.189,1
37.934,-121.306,1
56.495,9.066,1
58.203,-6.375,1
53.991,-111.272,1
44.575,-89.455,1
-35.316,149.01,1
51.545,0.01,1
32.703,-92.012,1
54.867,-4.712,1
58.937,11.181,1
59.532,14.273,1
41.12,-88.795,1
51.739,-2.301,1
49.341,23.845,1
51.138,19.146,1
46.556,-72.483,1
46.02,-73.352,1
42.074,-6.014,1
31.923,-84.266,1
50.942,34.372,1
59.464,24.38,1
45.939,3.252,1
46.371,-62.209,1
49.764,16.451,1
39.314,16.751,1
51.603,-4.068,1
53.736,-0.505,1
-34.023,20.441,1
51.195,22.693,1
52.566,5.653,1
-35.343,143.56,1
52.105,-101.224,1
45.548,1.205,1
32.752,-81.64,1
-37.023,145.141,1
46.329,20.007,1
46.356,18.718,1
46.045,18,1
48.191,21.23,1
47.687,19.101,1
35.344,138.596,1
47.136,20.149,1
50.156,18.159,1
42.507,143.278,1
42.793,143.162,1
39.957,-4.851,1
58.899,24.441,1
32.371,-91.2,1
57.236,22.587,1
-31.093,150.931,1
43.514,-1.433,1
50.586,21.697,1
57.33,10.16,1
58.413,26.724,1
-31.934,152.466,1
58.432,24.438,1
-36.44,145.27,1
51.023,-3.079,1
55.244,22.254,1
37.132,-7.641,1
39.552,-89.275,1
39.973,-5.602,1
51.425,-0.344,1
42.544,12.604,1
41.95,14.989,1
53.363,5.219,1
40.35,-1.124,1
53.075,4.888,1
48.575,1.233,1
-24.577,27.414,1
53.285,-114.025,1
49.763,0.519,1
40.654,22.86,1
-32.129,133.697,1
46.996,-0.207,1
58.582,-3.725,1
44.014,15.481,1
56.5,-6.881,1
50.287,14.539,1
58.781,14.537,1
43.561,1.481,1
-35.778,148.012,1
36.495,138.522,1
-34.446,147.534,1
-35.301,148.22,1
34.669,-90.374,1
45.098,141.791,1
-29.055,152.02,1
42.874,-3.174,1
36.413,139.86,1
42.67,141.644,1
52.377,20.771,1
-27.083,152.366,1
-27.534,151.928,1
48.527,4.184,1
41.522,-5.391,1
57.033,14.572,1
56.96,13.074,1
42.058,-104.171,1
41.807,-86.573,1
-32.253,147.37,1
47.742,3.291,1
45.635,6.329,1
40.673,141.182,1
58.029,14.992,1
49.261,15.926,1
42.173,0.896,1
46.077,19.521,1
46.366,3.528,1
45.701,12.183,1
40.698,-89.885,1
42.005,14.988,1
38.978,-91.003,1
45.378,-63.323,1
52.843,-104.067,1
-33.425,18.856,1
49.206,16.593,1
45.169,28.782,1
-32.632,147.57,1
50.554,15.219,1
-36.035,150.122,1
44.117,-85.287,1
42.547,-114.419,1
53.756,16.304,1
34.711,137.473,1
42.788,143.488,1
60.292,13.87,1
58.848,17.233,1
38.025,-3.363,1
39.228,9.11,1
-31.196,28.232,1
51.604,19.9,1
42.038,3.125,1
57.906,-5.166,1
53.359,6.33,1
-35.471,143.267,1
49.863,8.917,1
36.375,-89.117,1
-35.171,141.813,1
-29.794,29.493,1
50.842,16.978,1
52.434,-109.146,1
53.859,15.02,1
40.172,-88.097,1
40.335,18.111,1
55.497,25.641,1
41.703,-4.708,1
41.304,1.262,1
57.543,25.382,1
45.183,26.029,1
38.782,-3.394,1
52.869,6.942,1
58.693,12.035,1
47.433,17.338,1
50.508,33.462,1
48.24,4.481,1
42.939,-6.325,1
46.471,4.056,1
42.516,-4.011,1
53.5,-112.063,1
53.02,12.319,1
47.325,13.169,1
49.237,11.666,1
45.431,12.354,1
56.348,8.368,1
-26.316,26.827,1
37.238,-1.855,1
46.178,-62.895,1
-26.695,28.226,1
53.349,-110.833,1
57.426,15.086,1
47.294,1.72,1
41.946,2.265,1
45.578,11.589,1
43.631,2.096,1
42.184,-8.813,1
46.563,23.921,1
46.613,13.872,1
-27.028,28.598,1
-27.122,26.998,1
36.845,-5.622,1
54.652,25.151,1
49.255,28.555,1
45.293,25.069,1
53.807,11.052,1
-23.044,29.275,1
48.634,25.109,1
51.443,3.597,1
58.381,25.594,1
38.963,-89.048,1
45.443,21.233,1
50.869,29.357,1
47.572,26.142,1
48.276,1.621,1
47.609,31.33,1
57.359,9.951,1
45.564,19.653,1
-27.426,29.164,1
-26.959,24.737,1
47.443,4.665,1
40.653,-7.906,1
41.009,-6.433,1
46.044,-71.972,1
47.04,9.438,1
47.547,7.324,1
-33.333,117.41,1
48.458,-100.597,1
-34.182,140.033,1
-35.455,144.381,1
52.871,9.637,1
-27.852,28.965,1
50.69,5.245,1
-29.541,150.574,1
54.17,12.101,1
51.205,-2.182,1
-28.213,152.03,1
46.826,-118.386,1
51.667,-105.454,1
42.235,-96.999,1
-31.461,152.734,1
37.659,-97.381,1
-28.393,152.607,1
-36.114,146.859,1
39.941,-103.594,1
-36.426,143.614,1
-29.013,149.255,1
51.25,5.723,1
44.174,-116.955,1
51.101,0.008,1
52.307,-0.625,1
50.963,7.902,1
-34.089,141.885,1
49.697,9.697,1
51.944,6.408,1
52.945,1.13,1
-33.886,150.598,1
-35.107,147.369,1
52.347,6.574,1
53.512,15.641,1
50.895,5.893,1
35.842,-77.083,1
50.108,-102.835,1
49.991,-97.276,1
39.016,-99.887,1
-30.023,148.117,1
41.657,-91.248,1
-35.595,149.138,1
34.321,-77.918,1
45.08,-95.041,1
33.059,-91.573,1
50.025,19.311,1
40.283,-87.301,1
-30.931,152.625,1
47.413,-120.301,1
42.448,-91.733,1
50.325,12.348,1
48.539,-99.374,1
44.43,-78.891,1
43.632,-95.582,1
-38.282,144.052,1
51.607,18.626,1
51.113,17.062,1
-31.701,147.836,1
42.952,-94.44,1
35.541,-77.005,1
35.73,-78.013,1
42.924,-80.302,1
-34.701,139.193,1
44.278,-83.985,1
-32.574,148.957,1
45.737,-71.807,1
52.957,-113.371,1
42.938,-91.816,1
-33.703,147.322,1
41.365,-89.591,1
49.667,-103.899,1
33.085,-82.04,1
39.601,-83.887,1
50.805,28.048,1
46.577,-120.483,1
42.248,140.288,1
-38.182,146.349,1
45.355,-123.216,1
-36.134,141.436,1
42.881,-97.356,1
-29.046,115.347,1
-31.236,151.922,1
-34.528,141.455,1
54.162,-1.1,1
40.525,-3.089,1
38.61,-1.102,1
-34.144,135.784,1
-31.291,119.646,1
-35.928,145.236,1
64.067,24.552,1
-29.447,153.358,1
38.728,140.314,1
-38.812,146.218,1
51.175,-102.449,1
-38.56,146.671,1
55.433,13.836,1
40.119,-102.711,1
-34.304,148.283,1
-32.565,139.598,1
49.875,16.894,1
42.387,27.065,1
50.663,20.167,1
41.507,-5.739,1
46.557,12.974,1
51.275,3.115,1
51.88,4.197,1
52.38,6.098,1
